Workbook
Name Actual: SUM(Cálculos!$D$6:$D$17)

Sheet Instrucciones
C4: Instrucciones
C5: Se completa:
C6: 1.- De la celda C6 a N6 se escribe el presupuesto que consideramos en el mes inicial (enero) para todo el año.
C7: 2.- A medida que pasen los meses, se debe actualizar el presupuesto para los siguientes meses. Por ejemplo
C8: para febrero en la fila 8 se debe escribir el presupuesto actualizado para los próximos meses. En marzo
C9: nos posicionamos sobre la fila 9 y escribirmos el presupuesto para los próximos meses. Y así sucesivamente.
C10: 3.-Las celdas pintadas de | E10: color | G10: debe escribirse lo que realmente se gastó (eso se verá mes a mes).
C12: Resultados
C13: 1.-Se obtiene en las celdas G24 y G25 lo que se presupuestó y lo que realmente se gastó.
C14: 2.- En la celda G27 se obtiene cuan bien fue estimado el presupuesto inicial.
C15: 3.- En las columnas de P a R se ve una tabla con la diferencia mensual de cada presupuesto.

Sheet Presupuesto Cascada
B3: Presupuesto
B4: Costos
B5: Plan Inicial | C5: 500 | D5: 2500 | E5: 5000 | F5: 10000 | G5: 14000 | H5: 18000 | I5: 24000 | J5: 30000 | K5: 33500 | L5: 35000 | M5: 38000 | N5: 40000 | P5: Presupuesto por mes
C6: Enero | D6: Febrero | E6: Marzo | F6: Abril | G6: Mayo | H6: Junio | I6: Julio | J6: Agosto | K6: Septiembre | L6: Octubre | M6: Noviembre | N6: Diciembre | P6: Actual | Q6: Planeado | R6: Diferencia
B7: Enero | P7: =C7 -> 0 | Q7: =C5 -> 500 | R7: =P7-Q7 -> -500
B8: Febrero | P8: =D8 -> 0 | Q8: =D7 -> 0 | R8: =P8-Q8 -> 0
B9: Marzo | P9: =E9 -> 0 | Q9: =E8 -> 0 | R9: =P9-Q9 -> 0
B10: Abril | P10: =F10 -> 0 | Q10: =F9 -> 0 | R10: =P10-Q10 -> 0
B11: Mayo | P11: =G11 -> 0 | Q11: =G10 -> 0 | R11: =P11-Q11 -> 0
B12: Junio | P12: =H12 -> 0 | Q12: =H11 -> 0 | R12: =P12-Q12 -> 0
B13: Julio | P13: =I13 -> 0 | Q13: =I12 -> 0 | R13: =P13-Q13 -> 0
B14: Agosto | P14: =J14 -> 0 | Q14: =J13 -> 0 | R14: =P14-Q14 -> 0
B15: Septiembre | P15: =K15 -> 0 | Q15: =K14 -> 0 | R15: =P15-Q15 -> 0
B16: Octubre | P16: =L16 -> 0 | Q16: =L15 -> 0 | R16: =P16-Q16 -> 0
B17: Noviembre | P17: =M17 -> 0 | Q17: =M16 -> 0 | R17: =P17-Q17 -> 0
B18: Diciembre | P18: =N18 -> 0 | Q18: =N17 -> 0 | R18: =P18-Q18 -> 0
B21: Análisis del presupuesto - Finalizado el período
E24: Presupuesto Inicial | G24: =SUM(C5:N5) -> 250500
E25: Actual (lo que sucedió) | G25: =Actual -> 0
E27: Grado de estimación del presupuesto | G27: =G25/G24 -> 0

Sheet Cálculos
D5: Actual Mes
C6: Ene | D6: ='Presupuesto Cascada'!C7 -> 0
C7: Feb | D7: ='Presupuesto Cascada'!D8 -> 0
C8: Mar | D8: ='Presupuesto Cascada'!E9 -> 0
C9: Abr | D9: ='Presupuesto Cascada'!F10 -> 0
C10: May | D10: ='Presupuesto Cascada'!G11 -> 0
C11: Jun | D11: ='Presupuesto Cascada'!H12 -> 0
C12: Jul | D12: ='Presupuesto Cascada'!I13 -> 0
C13: Agos | D13: ='Presupuesto Cascada'!J14 -> 0
C14: Sep | D14: ='Presupuesto Cascada'!K15 -> 0
C15: Oct | D15: ='Presupuesto Cascada'!L16 -> 0
C16: Nov | D16: ='Presupuesto Cascada'!M17 -> 0
C17: Dic | D17: ='Presupuesto Cascada'!N18 -> 0
