Workbook
Name ABRIL: 'Presupuesto Mensual'!$K$11:$L$23
Name AGOSTO: 'Presupuesto Mensual'!$S$11:$T$23
Name Cate: OFFSET(Reporte_categoria!$C$27,,,COUNTA(Reporte_categoria!$C$27:$C$39))
Name Categorias: IFERROR(OFFSET('Presupuesto Mensual'!$B$11,,,COUNTA('Presupuesto Mensual'!$B$11:$B$23)),"-")
Name DICIEMBRE: 'Presupuesto Mensual'!$AA$11:$AB$23
Name ENERO: 'Presupuesto Mensual'!$E$11:$F$23
Name FEBRERO: 'Presupuesto Mensual'!$G$11:$H$23
Name Gastado: 'Reporte mensual'!$B$53
Name JULIO: 'Presupuesto Mensual'!$Q$11:$R$23
Name JUNIO: 'Presupuesto Mensual'!$O$11:$P$23
Name MARZO: 'Presupuesto Mensual'!$I$11:$J$23
Name MAYO: 'Presupuesto Mensual'!$M$11:$N$23
Name Meses: Auxiliar!$A$3:$A$14
Name NOVIEMBRE: 'Presupuesto Mensual'!$Y$11:$Z$23
Name OCTUBRE: 'Presupuesto Mensual'!$W$11:$X$23
Name Porcentaje: OFFSET(Reporte_categoria!$G$27,,,COUNTA(Reporte_categoria!$G$27:$G$39)-COUNTBLANK(Reporte_categoria!$G$27:$G$39))
Name PROGRESO: OFFSET(Reporte_categoria!$H$26,1,,COUNTA(Reporte_categoria!$H$27:$H$39)-COUNTBLANK(Reporte_categoria!$H$27:$H$39))
Name SEPTIEMBRE: 'Presupuesto Mensual'!$U$11:$V$23
Name Total: OFFSET(Reporte_categoria!$I$27,,,COUNTA(Reporte_categoria!$I$27:$I$39)-COUNTBLANK(Reporte_categoria!$I$27:$I$39))

Sheet - AYUDA -
B4: Ayuda

Sheet Presupuesto Mensual
E9: ENERO | G9: FEBRERO | I9: MARZO | K9: ABRIL | M9: MAYO | O9: JUNIO | Q9: JULIO | S9: AGOSTO | U9: SEPTIEMBRE | W9: OCTUBRE | Y9: NOVIEMBRE | AA9: DICIEMBRE
B10: CATEGORÍAS | C10: ACTUAL | E10: PRESUPUESTO | F10: REAL | G10: PRESUPUESTO | H10: REAL | I10: PRESUPUESTO | J10: REAL | K10: PRESUPUESTO | L10: REAL | M10: PRESUPUESTO | N10: REAL | O10: PRESUPUESTO | P10: REAL | Q10: PRESUPUESTO | R10: REAL | S10: PRESUPUESTO | T10: REAL | U10: PRESUPUESTO | V10: REAL | W10: PRESUPUESTO | X10: REAL | Y10: PRESUPUESTO | Z10: REAL | AA10: PRESUPUESTO | AB10: REAL
B11: SUPERMERCADO
B12: GASTOS_FIJOS
B13: FORMACIÓN
B14: OCIO
B15: TRANSPORTE
B16: VIVIENDA
B17: SALUD
B18: STREAMING
B25: TOTAL | C25: =SUM(C11:C19) -> 0 | E25: =SUM(E11:E23) -> 0 | F25: =SUM(F11:F23) -> 0 | G25: =SUM(G11:G23) -> 0 | H25: =SUM(H11:H23) -> 0 | I25: =SUM(I11:I23) -> 0 | J25: =SUM(J11:J23) -> 0 | K25: =SUM(K11:K23) -> 0 | L25: =SUM(L11:L23) -> 0 | ... AB25: =SUM(AB11:AB23) -> 0
B26: AHORRO MENSUAL | E26: =$C$25-E25 -> 0 | G26: =$C$25-G25 -> 0 | I26: =$C$25-I25 -> 0 | K26: =$C$25-K25 -> 0 | M26: =$C$25-M25 -> 0 | O26: =$C$25-O25 -> 0 | Q26: =$C$25-Q25 -> 0 | S26: =$C$25-S25 -> 0 | U26: =$C$25-U25 -> 0 | W26: =$C$25-W25 -> 0 | Y26: =$C$25-Y25 -> 0 | AA26: =$C$25-AA25 -> 0

Sheet Reporte mensual
F8: PRESUPUESTO
F9: =C47 -> 0
F11: GASTO REAL
F12: =D47 -> 0
F14: DIFERENCIA
F15: =E47 -> 0
C33: PRESUPUESTO | D33: REAL | E33: DIFERENCIA [Presupuesto - Real] | F33: % DEL PRESUPUESTO
A34: 0 | B34: ENERO | C34: {=INDIRECT("'Presupuesto Mensual'!"&ADDRESS(25,COLUMN('Presupuesto Mensual'!$E$25)+$A34))} -> 0 | D34: {=INDIRECT("'Presupuesto Mensual'!"&ADDRESS(25,COLUMN('Presupuesto Mensual'!$F$25)+$A34))} -> 0 | E34: =C34-D34 -> 0 | F34: =IFERROR(D34/C34,0) -> 0 | G34: =F34 -> 0
A35: 2 | B35: FEBRERO | C35: {=INDIRECT("'Presupuesto Mensual'!"&ADDRESS(25,COLUMN('Presupuesto Mensual'!$E$25)+$A35))} -> 0 | D35: {=INDIRECT("'Presupuesto Mensual'!"&ADDRESS(25,COLUMN('Presupuesto Mensual'!$F$25)+$A35))} -> 0 | E35: =C35-D35 -> 0 | F35: =IFERROR(D35/C35,0) -> 0 | G35: =F35 -> 0
A36: 4 | B36: MARZO | C36: {=INDIRECT("'Presupuesto Mensual'!"&ADDRESS(25,COLUMN('Presupuesto Mensual'!$E$25)+$A36))} -> 0 | D36: {=INDIRECT("'Presupuesto Mensual'!"&ADDRESS(25,COLUMN('Presupuesto Mensual'!$F$25)+$A36))} -> 0 | E36: =C36-D36 -> 0 | F36: =IFERROR(D36/C36,0) -> 0 | G36: =F36 -> 0
A37: 6 | B37: ABRIL | C37: {=INDIRECT("'Presupuesto Mensual'!"&ADDRESS(25,COLUMN('Presupuesto Mensual'!$E$25)+$A37))} -> 0 | D37: {=INDIRECT("'Presupuesto Mensual'!"&ADDRESS(25,COLUMN('Presupuesto Mensual'!$F$25)+$A37))} -> 0 | E37: =C37-D37 -> 0 | F37: =IFERROR(D37/C37,0) -> 0 | G37: =F37 -> 0
A38: 8 | B38: MAYO | C38: {=INDIRECT("'Presupuesto Mensual'!"&ADDRESS(25,COLUMN('Presupuesto Mensual'!$E$25)+$A38))} -> 0 | D38: {=INDIRECT("'Presupuesto Mensual'!"&ADDRESS(25,COLUMN('Presupuesto Mensual'!$F$25)+$A38))} -> 0 | E38: =C38-D38 -> 0 | F38: =IFERROR(D38/C38,0) -> 0 | G38: =F38 -> 0
A39: 10 | B39: JUNIO | C39: {=INDIRECT("'Presupuesto Mensual'!"&ADDRESS(25,COLUMN('Presupuesto Mensual'!$E$25)+$A39))} -> 0 | D39: {=INDIRECT("'Presupuesto Mensual'!"&ADDRESS(25,COLUMN('Presupuesto Mensual'!$F$25)+$A39))} -> 0 | E39: =C39-D39 -> 0 | F39: =IFERROR(D39/C39,0) -> 0 | G39: =F39 -> 0
A40: 12 | B40: JULIO | C40: {=INDIRECT("'Presupuesto Mensual'!"&ADDRESS(25,COLUMN('Presupuesto Mensual'!$E$25)+$A40))} -> 0 | D40: {=INDIRECT("'Presupuesto Mensual'!"&ADDRESS(25,COLUMN('Presupuesto Mensual'!$F$25)+$A40))} -> 0 | E40: =C40-D40 -> 0 | F40: =IFERROR(D40/C40,0) -> 0 | G40: =F40 -> 0
A41: 14 | B41: AGOSTO | C41: {=INDIRECT("'Presupuesto Mensual'!"&ADDRESS(25,COLUMN('Presupuesto Mensual'!$E$25)+$A41))} -> 0 | D41: {=INDIRECT("'Presupuesto Mensual'!"&ADDRESS(25,COLUMN('Presupuesto Mensual'!$F$25)+$A41))} -> 0 | E41: =C41-D41 -> 0 | F41: =IFERROR(D41/C41,0) -> 0 | G41: =F41 -> 0
A42: 16 | B42: SEPTIEMBRE | C42: {=INDIRECT("'Presupuesto Mensual'!"&ADDRESS(25,COLUMN('Presupuesto Mensual'!$E$25)+$A42))} -> 0 | D42: {=INDIRECT("'Presupuesto Mensual'!"&ADDRESS(25,COLUMN('Presupuesto Mensual'!$F$25)+$A42))} -> 0 | E42: =C42-D42 -> 0 | F42: =IFERROR(D42/C42,0) -> 0 | G42: =F42 -> 0
A43: 18 | B43: OCTUBRE | C43: {=INDIRECT("'Presupuesto Mensual'!"&ADDRESS(25,COLUMN('Presupuesto Mensual'!$E$25)+$A43))} -> 0 | D43: {=INDIRECT("'Presupuesto Mensual'!"&ADDRESS(25,COLUMN('Presupuesto Mensual'!$F$25)+$A43))} -> 0 | E43: =C43-D43 -> 0 | F43: =IFERROR(D43/C43,0) -> 0 | G43: =F43 -> 0
A44: 20 | B44: NOVIEMBRE | C44: {=INDIRECT("'Presupuesto Mensual'!"&ADDRESS(25,COLUMN('Presupuesto Mensual'!$E$25)+$A44))} -> 0 | D44: {=INDIRECT("'Presupuesto Mensual'!"&ADDRESS(25,COLUMN('Presupuesto Mensual'!$F$25)+$A44))} -> 0 | E44: =C44-D44 -> 0 | F44: =IFERROR(D44/C44,0) -> 0 | G44: =F44 -> 0
A45: 22 | B45: DICIEMBRE | C45: {=INDIRECT("'Presupuesto Mensual'!"&ADDRESS(25,COLUMN('Presupuesto Mensual'!$E$25)+$A45))} -> 0 | D45: {=INDIRECT("'Presupuesto Mensual'!"&ADDRESS(25,COLUMN('Presupuesto Mensual'!$F$25)+$A45))} -> 0 | E45: =C45-D45 -> 0 | F45: =IFERROR(D45/C45,0) -> 0 | G45: =F45 -> 0
B47: TOTAL | C47: =SUM(C34:C45) -> 0 | D47: =SUM(D34:D45) -> 0 | E47: =SUM(E34:E45) -> 0
B52: Auxiliar
B53: =IFERROR(IF(D47/C47>=1,1,D47/C47),0) -> 0 | C53: =IFERROR(1-B53,0) -> 1

Sheet Reporte_categoria
C5: MES | D5: ENERO | E5: Seleccione el mes
J10: GASTO REAL
J11: =SUM(E27:E35) -> 0
J13: PRESUPUESTO
J14: =SUM(D27:D35) -> 0
J16: DIFERENCIA
J17: =J14-J11 -> 0
C26: CATEGORÍAS | D26: PRESUPUESTO | E26: REAL | F26: DIFERENCIA [Presupuesto - Real] | G26: % Gastado | H26: Presupuesto remanente | I26: TOTAL
C27: {=Categorias} -> SUPERMERCADO | D27: {=INDIRECT(D5)} -> 0 | E27: 0 | F27: =IF(C27<>"",D27-E27,"") -> 0 | G27: =IF(C27="","",IFERROR(E27/D27,0)) -> 0 | H27: =IFERROR(IF(100%-G27<0,0,100%-G27),"") -> 1 | I27: =IFERROR(G27+H27,"") -> 1
C28: GASTOS_FIJOS | D28: 0 | E28: 0 | F28: =IF(C28<>"",D28-E28,"") -> 0 | G28: =IF(C28="","",IFERROR(E28/D28,0)) -> 0 | H28: =IFERROR(IF(100%-G28<0,0,100%-G28),"") -> 1 | I28: =IFERROR(G28+H28,"") -> 1
C29: FORMACIÓN | D29: 0 | E29: 0 | F29: =IF(C29<>"",D29-E29,"") -> 0 | G29: =IF(C29="","",IFERROR(E29/D29,0)) -> 0 | H29: =IFERROR(IF(100%-G29<0,0,100%-G29),"") -> 1 | I29: =IFERROR(G29+H29,"") -> 1
C30: OCIO | D30: 0 | E30: 0 | F30: =IF(C30<>"",D30-E30,"") -> 0 | G30: =IF(C30="","",IFERROR(E30/D30,0)) -> 0 | H30: =IFERROR(IF(100%-G30<0,0,100%-G30),"") -> 1 | I30: =IFERROR(G30+H30,"") -> 1
C31: TRANSPORTE | D31: 0 | E31: 0 | F31: =IF(C31<>"",D31-E31,"") -> 0 | G31: =IF(C31="","",IFERROR(E31/D31,0)) -> 0 | H31: =IFERROR(IF(100%-G31<0,0,100%-G31),"") -> 1 | I31: =IFERROR(G31+H31,"") -> 1
C32: VIVIENDA | D32: 0 | E32: 0 | F32: =IF(C32<>"",D32-E32,"") -> 0 | G32: =IF(C32="","",IFERROR(E32/D32,0)) -> 0 | H32: =IFERROR(IF(100%-G32<0,0,100%-G32),"") -> 1 | I32: =IFERROR(G32+H32,"") -> 1
C33: SALUD | D33: 0 | E33: 0 | F33: =IF(C33<>"",D33-E33,"") -> 0 | G33: =IF(C33="","",IFERROR(E33/D33,0)) -> 0 | H33: =IFERROR(IF(100%-G33<0,0,100%-G33),"") -> 1 | I33: =IFERROR(G33+H33,"") -> 1
C34: STREAMING | D34: 0 | E34: 0 | F34: =IF(C34<>"",D34-E34,"") -> 0 | G34: =IF(C34="","",IFERROR(E34/D34,0)) -> 0 | H34: =IFERROR(IF(100%-G34<0,0,100%-G34),"") -> 1 | I34: =IFERROR(G34+H34,"") -> 1
D35: 0 | E35: 0 | F35: =IF(C35<>"",D35-E35,"") | G35: =IF(C35="","",IFERROR(E35/D35,0)) | H35: =IFERROR(IF(100%-G35<0,0,100%-G35),"") | I35: =IFERROR(G35+H35,"")
D36: 0 | E36: 0 | F36: =IF(C36<>"",D36-E36,"") | G36: =IF(C36="","",IFERROR(E36/D36,0)) | H36: =IFERROR(IF(100%-G36<0,0,100%-G36),"") | I36: =IFERROR(G36+H36,"")
D37: 0 | E37: 0 | F37: =IF(C37<>"",D37-E37,"") | G37: =IF(C37="","",IFERROR(E37/D37,0)) | H37: =IFERROR(IF(100%-G37<0,0,100%-G37),"") | I37: =IFERROR(G37+H37,"")
D38: 0 | E38: 0 | F38: =IF(C38<>"",D38-E38,"") | G38: =IF(C38="","",IFERROR(E38/D38,0)) | H38: =IFERROR(IF(100%-G38<0,0,100%-G38),"") | I38: =IFERROR(G38+H38,"")
D39: 0 | E39: 0 | F39: =IF(C39<>"",D39-E39,"") | G39: =IF(C39="","",IFERROR(E39/D39,0)) | H39: =IFERROR(IF(100%-G39<0,0,100%-G39),"") | I39: =IFERROR(G39+H39,"")

Sheet Auxiliar
A2: Meses
A3: ENERO
A4: FEBRERO
A5: MARZO
A6: ABRIL
A7: MAYO
A8: JUNIO
A9: JULIO
A10: AGOSTO
A11: SEPTIEMBRE
A12: OCTUBRE
A13: NOVIEMBRE
A14: DICIEMBRE
