Workbook
Name Medio: Pto[CONCEPTO]
Name Meses: Cálculos!$K$9:$K$20
Name Porcentaje_Gastado: Cálculos!$H$9
Name Seleccion: 'Dashboard de RRHH'!$C$8

Sheet - AYUDA -
B4: Ayuda

Sheet Registro Presupuesto-Gasto
B7: Presupuesto
B8: Ingresa los distintos conceptos a considerar en el depto de RRHH y el presupuesto por mes
B9: CONCEPTO | C9: ENERO | D9: FEBRERO | E9: MARZO | F9: ABRIL | G9: MAYO | H9: JUNIO | I9: JULIO | J9: AGOSTO | K9: SEPTIEMBRE | L9: OCTUBRE | M9: NOVIEMBRE | N9: DICIEMBRE
B10: Salarios | C10: 1795 | D10: 1677 | E10: 1555 | F10: 1172 | G10: 1449 | H10: 1510 | I10: 1176 | J10: 1824 | K10: 1139 | L10: 1353 | M10: 1344 | N10: 1110
B11: Capacitación | C11: 1139 | D11: 1632 | E11: 1854 | F11: 1197 | G11: 1595 | H11: 1637 | I11: 1162 | J11: 1075 | K11: 1894 | L11: 1036 | M11: 1664 | N11: 1979
B12: Reclutamiento | C12: 1123 | D12: 1980 | E12: 1146 | F12: 1412 | G12: 1655 | H12: 1516 | I12: 1672 | J12: 1461 | K12: 1611 | L12: 1989 | M12: 1404 | N12: 1867
B13: Beneficios | C13: 1281 | D13: 1242 | E13: 1713 | F13: 1656 | G13: 1049 | H13: 1276 | I13: 1392 | J13: 1592 | K13: 1047 | L13: 1263 | M13: 1978 | N13: 1341
B14: Bonos | C14: 1886 | D14: 1892 | E14: 1092 | F14: 1571 | G14: 1545 | H14: 1271 | I14: 1534 | J14: 1926 | K14: 1965 | L14: 1418 | M14: 1362 | N14: 1744
B15: Viáticos | C15: 1130 | D15: 1475 | E15: 1190 | F15: 1219 | G15: 1105 | H15: 1714 | I15: 1302 | J15: 1950 | K15: 1651 | L15: 1321 | M15: 1674 | N15: 1644
B16: Subsidios | C16: 1061 | D16: 1841 | E16: 1444 | F16: 1320 | G16: 1825 | H16: 1167 | I16: 1318 | J16: 1463 | K16: 1092 | L16: 1147 | M16: 1273 | N16: 1264
B22: Gastado
B23: Ingresa los distintos conceptos a considerar en el depto de RRHH y lo gastado por mes
B24: CONCEPTO | C24: ENERO | D24: FEBRERO | E24: MARZO | F24: ABRIL | G24: MAYO | H24: JUNIO | I24: JULIO | J24: AGOSTO | K24: SEPTIEMBRE | L24: OCTUBRE | M24: NOVIEMBRE | N24: DICIEMBRE
B25: Salarios | C25: 1036 | D25: 1112 | E25: 1382 | F25: 1092 | G25: 1425 | H25: 1483 | I25: 1150 | J25: 1580 | K25: 1127 | L25: 1178 | M25: 1294 | N25: 1024
B26: Capacitación | C26: 1050 | D26: 1091 | E26: 1318 | F26: 1181 | G26: 1291 | H26: 1527 | I26: 1087 | J26: 1061 | K26: 1132 | L26: 1027 | M26: 1472 | N26: 1808
B27: Reclutamiento | C27: 1001 | D27: 1709 | E27: 1099 | F27: 1144 | G27: 1586 | H27: 1052 | I27: 1388 | J27: 1196 | K27: 1191 | L27: 1056 | M27: 1317 | N27: 1298
B28: Beneficios | C28: 1148 | D28: 1023 | E28: 1324 | F28: 1350 | G28: 1049 | H28: 1067 | I28: 1283 | J28: 1317 | K28: 1041 | L28: 1063 | M28: 1947 | N28: 1262
B29: Bonos | C29: 1128 | D29: 1299 | E29: 1082 | F29: 1231 | G29: 1214 | H29: 1269 | I29: 1340 | J29: 1630 | K29: 1425 | L29: 1331 | M29: 1900 | N29: 1093
B30: Viáticos | C30: 1098 | D30: 1264 | E30: 1086 | F30: 1212 | G30: 1007 | H30: 1243 | I30: 1248 | J30: 1339 | K30: 1417 | L30: 1174 | M30: 1294 | N30: 1376
B31: Subsidios | C31: 1003 | D31: 1056 | E31: 1208 | F31: 1284 | G31: 1601 | H31: 1035 | I31: 1098 | J31: 1336 | K31: 1060 | L31: 1089 | M31: 1221 | N31: 1046

Sheet Cálculos
B6: Hoja de cálculos automáticos
B8: Mes Seleccionado | C8: =Seleccion -> Agosto | G8: Gráfico de progreso | K8: Lista de meses:
B9: =Real[[#Headers],[CONCEPTO]] -> CONCEPTO | C9: PRESUPUESTO | D9: GASTADO | E9: %Gastado/Planeado | G9: % Gastado | H9: =IFERROR(SUM(OFFSET(D10,,,COUNTA(D10:D25)))/SUM(OFFSET(C10,,,COUNTA(C10:C25))),0) -> 0.83774688 | I9: =IF(Porcentaje_Gastado>1,1,Porcentaje_Gastado) -> 0.83774688 | K9: Enero
B10: {=Medio} -> Salarios | C10: {=INDEX(Pto[[#This Row],[ENERO]:[DICIEMBRE]],,MATCH(Cálculos!$C$8,Pto[[#Headers],[ENERO]:[DICIEMBRE]],0))} -> 1824 | D10: {=INDEX('Registro Presupuesto-Gasto'!C25:N25,,MATCH(Cálculos!$C$8,Real[[#Headers],[ENERO]:[DICIEMBRE]],0))} -> 1580 | E10: =IFERROR(C10/D10-1,0) -> 0.15443038 | G10: Resto | H10: =1-H9 -> 0.16225312 | I10: =1-I9 -> 0.16225312 | K10: Febrero
B11: Capacitación | C11: {=INDEX(Pto[[#This Row],[ENERO]:[DICIEMBRE]],,MATCH(Cálculos!$C$8,Pto[[#Headers],[ENERO]:[DICIEMBRE]],0))} -> 1075 | D11: {=INDEX('Registro Presupuesto-Gasto'!C26:N26,,MATCH(Cálculos!$C$8,Real[[#Headers],[ENERO]:[DICIEMBRE]],0))} -> 1061 | E11: =IFERROR(C11/D11-1,0) -> 0.013195099 | K11: Marzo
B12: Reclutamiento | C12: {=INDEX(Pto[[#This Row],[ENERO]:[DICIEMBRE]],,MATCH(Cálculos!$C$8,Pto[[#Headers],[ENERO]:[DICIEMBRE]],0))} -> 1461 | D12: {=INDEX('Registro Presupuesto-Gasto'!C27:N27,,MATCH(Cálculos!$C$8,Real[[#Headers],[ENERO]:[DICIEMBRE]],0))} -> 1196 | E12: =IFERROR(C12/D12-1,0) -> 0.22157191 | K12: Abril
B13: Beneficios | C13: {=INDEX(Pto[[#This Row],[ENERO]:[DICIEMBRE]],,MATCH(Cálculos!$C$8,Pto[[#Headers],[ENERO]:[DICIEMBRE]],0))} -> 1592 | D13: {=INDEX('Registro Presupuesto-Gasto'!C28:N28,,MATCH(Cálculos!$C$8,Real[[#Headers],[ENERO]:[DICIEMBRE]],0))} -> 1317 | E13: =IFERROR(C13/D13-1,0) -> 0.2088079 | K13: Mayo
B14: Bonos | C14: {=INDEX(Pto[[#This Row],[ENERO]:[DICIEMBRE]],,MATCH(Cálculos!$C$8,Pto[[#Headers],[ENERO]:[DICIEMBRE]],0))} -> 1926 | D14: {=INDEX('Registro Presupuesto-Gasto'!C29:N29,,MATCH(Cálculos!$C$8,Real[[#Headers],[ENERO]:[DICIEMBRE]],0))} -> 1630 | E14: =IFERROR(C14/D14-1,0) -> 0.18159509 | K14: Junio
B15: Viáticos | C15: {=INDEX(Pto[[#This Row],[ENERO]:[DICIEMBRE]],,MATCH(Cálculos!$C$8,Pto[[#Headers],[ENERO]:[DICIEMBRE]],0))} -> 1950 | D15: {=INDEX('Registro Presupuesto-Gasto'!C30:N30,,MATCH(Cálculos!$C$8,Real[[#Headers],[ENERO]:[DICIEMBRE]],0))} -> 1339 | E15: =IFERROR(C15/D15-1,0) -> 0.45631068 | K15: Julio
B16: Subsidios | C16: {=INDEX(Pto[[#This Row],[ENERO]:[DICIEMBRE]],,MATCH(Cálculos!$C$8,Pto[[#Headers],[ENERO]:[DICIEMBRE]],0))} -> 1463 | D16: {=INDEX('Registro Presupuesto-Gasto'!C31:N31,,MATCH(Cálculos!$C$8,Real[[#Headers],[ENERO]:[DICIEMBRE]],0))} -> 1336 | E16: =IFERROR(C16/D16-1,0) -> 0.09505988 | K16: Agosto
K17: Septiembre
K18: Octubre
K19: Noviembre
K20: Diciembre

Sheet Dashboard de RRHH
C8: Agosto
