Workbook
Name Concepto: Cálculos!$B$10:INDEX(Cálculos!$B$10:$B$26,COUNTIF(Cálculos!$B$10:$B$26,"<>-"))
Name Gastado: Cálculos!$D$10:INDEX(Cálculos!$D$10:$D$26,COUNTIF(Cálculos!$D$10:$D$26,"<>-"))
Name Gastado_: Cálculos!$H$15
Name Gastado_Planeado: Cálculos!$E$10:INDEX(Cálculos!$E$10:$E$26,COUNTIF(Cálculos!$E$10:$E$26,"<>-"))
Name Medio: Pto[CONCEPTO]
Name Meses: Cálculos!$K$9:$K$20
Name Porcentaje_Gastado: Cálculos!$H$9
Name Presupuestado: Cálculos!$H$14
Name Presupuesto: Cálculos!$C$10:INDEX(Cálculos!$C$10:$C$26,COUNTIF(Cálculos!$C$10:$C$26,"<>-"))
Name Seleccion: 'Dashboard de Calidad y Control'!$C$8

Sheet - AYUDA -
B4: Ayuda

Sheet Registro Presupuesto-Gasto
B7: Presupuesto
B8: Ingresa los distintos conceptos a considerar para el plan de calidad y control y el presupuesto por mes
B9: CONCEPTO | C9: ENERO | D9: FEBRERO | E9: MARZO | F9: ABRIL | G9: MAYO | H9: JUNIO | I9: JULIO | J9: AGOSTO | K9: SEPTIEMBRE | L9: OCTUBRE | M9: NOVIEMBRE | N9: DICIEMBRE | O9: ID
B10: Inspección | C10: 21017 | D10: 23477 | E10: 34130 | F10: 27873 | G10: 41812 | H10: 21328 | I10: 39532 | J10: 25714 | K10: 34223 | L10: 31232 | M10: 36967 | N10: 40725 | O10: =ROW(A1) -> 1
B11: Pruebas y certificaciones | C11: 28682 | D11: 27615 | E11: 30151 | F11: 23073 | G11: 38396 | H11: 27739 | I11: 36875 | J11: 41223 | K11: 21716 | L11: 21298 | M11: 27731 | N11: 41616 | O11: =ROW(A2) -> 2
B12: Auditorias | C12: 41452 | D12: 23631 | E12: 26128 | F12: 33877 | G12: 32022 | H12: 36646 | I12: 27505 | J12: 37073 | K12: 41531 | L12: 32677 | M12: 40399 | N12: 33414 | O12: =ROW(A3) -> 3
B13: Control de procesos | C13: 27262 | D13: 30650 | E13: 20934 | F13: 29278 | G13: 36947 | H13: 34115 | I13: 27379 | J13: 21382 | K13: 39952 | L13: 22718 | M13: 22133 | N13: 20763 | O13: =ROW(A4) -> 4
B14: Retrabajo y Corrección | C14: 40950 | D14: 32931 | E14: 27793 | F14: 21287 | G14: 39613 | H14: 34743 | I14: 29121 | J14: 23259 | K14: 20313 | L14: 36294 | M14: 34111 | N14: 41758 | O14: =ROW(A5) -> 5
B15: Normas de calidad | C15: 33715 | D15: 39155 | E15: 35086 | F15: 30160 | G15: 31046 | H15: 37999 | I15: 31726 | J15: 34568 | K15: 26949 | L15: 38675 | M15: 38389 | N15: 36235 | O15: =ROW(A6) -> 6
B19: Gastado
B20: Ingresa los distintos conceptos a considerar para el plan de calidad y control y lo gastado por mes
B21: CONCEPTO | C21: ENERO | D21: FEBRERO | E21: MARZO | F21: ABRIL | G21: MAYO | H21: JUNIO | I21: JULIO | J21: AGOSTO | K21: SEPTIEMBRE | L21: OCTUBRE | M21: NOVIEMBRE | N21: DICIEMBRE
B22: Inspección | C22: 16813.6 | D22: 18781.6 | E22: 27304 | F22: 22298.4 | G22: 33449.6 | H22: 17062.4 | I22: 31625.6 | J22: 20571.2 | K22: 27378.4 | L22: 24985.6 | M22: 29573.6 | N22: 32580
B23: Pruebas y certificaciones | C23: 17209.2 | D23: 16569 | E23: 18090.6 | F23: 13843.8 | G23: 23037.6 | H23: 16643.4 | I23: 22125 | J23: 24733.8 | K23: 13029.6 | L23: 12778.8 | M23: 16638.6 | N23: 24969.6
B24: Auditorias | C24: 33161.6 | D24: 18904.8 | E24: 20902.4 | F24: 27101.6 | G24: 25617.6 | H24: 29316.8 | I24: 22004 | J24: 29658.4 | K24: 33224.8 | L24: 26141.6 | M24: 32319.2 | N24: 26731.2
B25: Control de procesos | C25: 27262 | D25: 30650 | E25: 20934 | F25: 29278 | G25: 36947 | H25: 34115 | I25: 27379 | J25: 21382 | K25: 39952 | L25: 22718 | M25: 22133 | N25: 20763
B26: Retrabajo y Corrección | C26: 32760 | D26: 51000 | E26: 22234.4 | F26: 17029.6 | G26: 31690.4 | H26: 27794.4 | I26: 23296.8 | J26: 18607.2 | K26: 16250.4 | L26: 29035.2 | M26: 27288.8 | N26: 33406.4
B27: Normas de calidad | C27: 20229 | D27: 23493 | E27: 21051.6 | F27: 18096 | G27: 18627.6 | H27: 22799.4 | I27: 19035.6 | J27: 20740.8 | K27: 16169.4 | L27: 23205 | M27: 23033.4 | N27: 21741

Sheet Cálculos
B6: Hoja de cálculos automáticos (no modificar)
B8: Mes Seleccionado | C8: =Seleccion -> Mayo | G8: Gráfico de progreso | K8: Lista de meses:
B9: =Real[[#Headers],[CONCEPTO]] -> CONCEPTO | C9: PRESUPUESTO | D9: GASTADO | E9: %Gastado/Planeado | G9: % Gastado | H9: =IFERROR(SUM(OFFSET(D10,,,COUNTA(D10:D26)))/SUM(OFFSET(C10,,,COUNTA(C10:C26))),0) -> 0.77043705 | I9: =IF(Porcentaje_Gastado>1,1,Porcentaje_Gastado) -> 0.77043705 | K9: Enero
A10: 1 | B10: =IFERROR(INDEX(Pto[CONCEPTO],MATCH(Cálculos!A10,Pto[ID],0)),"-") -> Inspección | C10: {=IFERROR(INDEX(Pto[[#This Row],[ENERO]:[DICIEMBRE]],,MATCH(Cálculos!$C$8,Pto[[#Headers],[ENERO]:[DICIEMBRE]],0)),"-")} -> 41812 | D10: {=IFERROR(IF(INDEX('Registro Presupuesto-Gasto'!C22:N22,,MATCH(Cálculos!$C$8,Real[[#Headers],[ENERO]:[DICIEMBRE]],0))=0, "-", INDEX('Registro Presupuesto-Gasto'!C22:N22,,MATCH(Cálculos!$C$8,Real[[#Headers],[ENERO]:[DICIEMBRE]],0))), "-")} -> 33449.6 | E10: =IF(IFERROR(C10/D10-1,0)=0,"-",IFERROR(C10/D10-1,0)) -> 0.25 | G10: Resto | H10: =1-H9 -> 0.22956295 | I10: =1-I9 -> 0.22956295 | K10: Febrero
A11: 2 | B11: =IFERROR(INDEX(Pto[CONCEPTO],MATCH(Cálculos!A11,Pto[ID],0)),"-") -> Pruebas y certificaciones | C11: {=IFERROR(INDEX(Pto[[#This Row],[ENERO]:[DICIEMBRE]],,MATCH(Cálculos!$C$8,Pto[[#Headers],[ENERO]:[DICIEMBRE]],0)),"-")} -> 38396 | D11: {=IFERROR(IF(INDEX('Registro Presupuesto-Gasto'!C23:N23,,MATCH(Cálculos!$C$8,Real[[#Headers],[ENERO]:[DICIEMBRE]],0))=0, "-", INDEX('Registro Presupuesto-Gasto'!C23:N23,,MATCH(Cálculos!$C$8,Real[[#Headers],[ENERO]:[DICIEMBRE]],0))), "-")} -> 23037.6 | E11: =IF(IFERROR(C11/D11-1,0)=0,"-",IFERROR(C11/D11-1,0)) -> 0.66666667 | K11: Marzo
A12: 3 | B12: =IFERROR(INDEX(Pto[CONCEPTO],MATCH(Cálculos!A12,Pto[ID],0)),"-") -> Auditorias | C12: {=IFERROR(INDEX(Pto[[#This Row],[ENERO]:[DICIEMBRE]],,MATCH(Cálculos!$C$8,Pto[[#Headers],[ENERO]:[DICIEMBRE]],0)),"-")} -> 32022 | D12: {=IFERROR(IF(INDEX('Registro Presupuesto-Gasto'!C24:N24,,MATCH(Cálculos!$C$8,Real[[#Headers],[ENERO]:[DICIEMBRE]],0))=0, "-", INDEX('Registro Presupuesto-Gasto'!C24:N24,,MATCH(Cálculos!$C$8,Real[[#Headers],[ENERO]:[DICIEMBRE]],0))), "-")} -> 25617.6 | E12: =IF(IFERROR(C12/D12-1,0)=0,"-",IFERROR(C12/D12-1,0)) -> 0.25 | K12: Abril
A13: 4 | B13: =IFERROR(INDEX(Pto[CONCEPTO],MATCH(Cálculos!A13,Pto[ID],0)),"-") -> Control de procesos | C13: {=IFERROR(INDEX(Pto[[#This Row],[ENERO]:[DICIEMBRE]],,MATCH(Cálculos!$C$8,Pto[[#Headers],[ENERO]:[DICIEMBRE]],0)),"-")} -> 36947 | D13: {=IFERROR(IF(INDEX('Registro Presupuesto-Gasto'!C25:N25,,MATCH(Cálculos!$C$8,Real[[#Headers],[ENERO]:[DICIEMBRE]],0))=0, "-", INDEX('Registro Presupuesto-Gasto'!C25:N25,,MATCH(Cálculos!$C$8,Real[[#Headers],[ENERO]:[DICIEMBRE]],0))), "-")} -> 36947 | E13: =IF(IFERROR(C13/D13-1,0)=0,"-",IFERROR(C13/D13-1,0)) -> - | G13: Etiquetas | K13: Mayo
A14: 5 | B14: =IFERROR(INDEX(Pto[CONCEPTO],MATCH(Cálculos!A14,Pto[ID],0)),"-") -> Retrabajo y Corrección | C14: {=IFERROR(INDEX(Pto[[#This Row],[ENERO]:[DICIEMBRE]],,MATCH(Cálculos!$C$8,Pto[[#Headers],[ENERO]:[DICIEMBRE]],0)),"-")} -> 39613 | D14: {=IFERROR(IF(INDEX('Registro Presupuesto-Gasto'!C26:N26,,MATCH(Cálculos!$C$8,Real[[#Headers],[ENERO]:[DICIEMBRE]],0))=0, "-", INDEX('Registro Presupuesto-Gasto'!C26:N26,,MATCH(Cálculos!$C$8,Real[[#Headers],[ENERO]:[DICIEMBRE]],0))), "-")} -> 31690.4 | E14: =IF(IFERROR(C14/D14-1,0)=0,"-",IFERROR(C14/D14-1,0)) -> 0.25 | G14: Presupuestado | H14: =SUM(OFFSET(C10,,,COUNTA(C10:C58))) -> 219836 | K14: Junio
A15: 6 | B15: =IFERROR(INDEX(Pto[CONCEPTO],MATCH(Cálculos!A15,Pto[ID],0)),"-") -> Normas de calidad | C15: {=IFERROR(INDEX(Pto[[#This Row],[ENERO]:[DICIEMBRE]],,MATCH(Cálculos!$C$8,Pto[[#Headers],[ENERO]:[DICIEMBRE]],0)),"-")} -> 31046 | D15: {=IFERROR(IF(INDEX('Registro Presupuesto-Gasto'!C27:N27,,MATCH(Cálculos!$C$8,Real[[#Headers],[ENERO]:[DICIEMBRE]],0))=0, "-", INDEX('Registro Presupuesto-Gasto'!C27:N27,,MATCH(Cálculos!$C$8,Real[[#Headers],[ENERO]:[DICIEMBRE]],0))), "-")} -> 18627.6 | E15: =IF(IFERROR(C15/D15-1,0)=0,"-",IFERROR(C15/D15-1,0)) -> 0.66666667 | G15: Gastado | H15: =SUM(OFFSET(D10,,,COUNTA(D10:D58))) -> 169369.8 | K15: Julio
A16: 7 | B16: =IFERROR(INDEX(Pto[CONCEPTO],MATCH(Cálculos!A16,Pto[ID],0)),"-") -> - | C16: {=IFERROR(INDEX(Pto[[#This Row],[ENERO]:[DICIEMBRE]],,MATCH(Cálculos!$C$8,Pto[[#Headers],[ENERO]:[DICIEMBRE]],0)),"-")} -> - | D16: {=IFERROR(IF(INDEX('Registro Presupuesto-Gasto'!C28:N28,,MATCH(Cálculos!$C$8,Real[[#Headers],[ENERO]:[DICIEMBRE]],0))=0, "-", INDEX('Registro Presupuesto-Gasto'!C28:N28,,MATCH(Cálculos!$C$8,Real[[#Headers],[ENERO]:[DICIEMBRE]],0))), "-")} -> - | E16: =IF(IFERROR(C16/D16-1,0)=0,"-",IFERROR(C16/D16-1,0)) -> - | K16: Agosto
A17: 8 | B17: =IFERROR(INDEX(Pto[CONCEPTO],MATCH(Cálculos!A17,Pto[ID],0)),"-") -> - | C17: {=IFERROR(INDEX(Pto[[#This Row],[ENERO]:[DICIEMBRE]],,MATCH(Cálculos!$C$8,Pto[[#Headers],[ENERO]:[DICIEMBRE]],0)),"-")} -> - | D17: {=IFERROR(IF(INDEX('Registro Presupuesto-Gasto'!C29:N29,,MATCH(Cálculos!$C$8,Real[[#Headers],[ENERO]:[DICIEMBRE]],0))=0, "-", INDEX('Registro Presupuesto-Gasto'!C29:N29,,MATCH(Cálculos!$C$8,Real[[#Headers],[ENERO]:[DICIEMBRE]],0))), "-")} -> - | E17: =IF(IFERROR(C17/D17-1,0)=0,"-",IFERROR(C17/D17-1,0)) -> - | K17: Septiembre
A18: 9 | B18: =IFERROR(INDEX(Pto[CONCEPTO],MATCH(Cálculos!A18,Pto[ID],0)),"-") -> - | C18: {=IFERROR(INDEX(Pto[[#This Row],[ENERO]:[DICIEMBRE]],,MATCH(Cálculos!$C$8,Pto[[#Headers],[ENERO]:[DICIEMBRE]],0)),"-")} -> - | D18: {=IFERROR(IF(INDEX('Registro Presupuesto-Gasto'!C30:N30,,MATCH(Cálculos!$C$8,Real[[#Headers],[ENERO]:[DICIEMBRE]],0))=0, "-", INDEX('Registro Presupuesto-Gasto'!C30:N30,,MATCH(Cálculos!$C$8,Real[[#Headers],[ENERO]:[DICIEMBRE]],0))), "-")} -> - | E18: =IF(IFERROR(C18/D18-1,0)=0,"-",IFERROR(C18/D18-1,0)) -> - | K18: Octubre
A19: 10 | B19: =IFERROR(INDEX(Pto[CONCEPTO],MATCH(Cálculos!A19,Pto[ID],0)),"-") -> - | C19: {=IFERROR(INDEX(Pto[[#This Row],[ENERO]:[DICIEMBRE]],,MATCH(Cálculos!$C$8,Pto[[#Headers],[ENERO]:[DICIEMBRE]],0)),"-")} -> - | D19: {=IFERROR(IF(INDEX('Registro Presupuesto-Gasto'!C31:N31,,MATCH(Cálculos!$C$8,Real[[#Headers],[ENERO]:[DICIEMBRE]],0))=0, "-", INDEX('Registro Presupuesto-Gasto'!C31:N31,,MATCH(Cálculos!$C$8,Real[[#Headers],[ENERO]:[DICIEMBRE]],0))), "-")} -> - | E19: =IF(IFERROR(C19/D19-1,0)=0,"-",IFERROR(C19/D19-1,0)) -> - | K19: Noviembre
A20: 11 | B20: =IFERROR(INDEX(Pto[CONCEPTO],MATCH(Cálculos!A20,Pto[ID],0)),"-") -> - | C20: {=IFERROR(INDEX(Pto[[#This Row],[ENERO]:[DICIEMBRE]],,MATCH(Cálculos!$C$8,Pto[[#Headers],[ENERO]:[DICIEMBRE]],0)),"-")} -> - | D20: {=IFERROR(IF(INDEX('Registro Presupuesto-Gasto'!C32:N32,,MATCH(Cálculos!$C$8,Real[[#Headers],[ENERO]:[DICIEMBRE]],0))=0, "-", INDEX('Registro Presupuesto-Gasto'!C32:N32,,MATCH(Cálculos!$C$8,Real[[#Headers],[ENERO]:[DICIEMBRE]],0))), "-")} -> - | E20: =IF(IFERROR(C20/D20-1,0)=0,"-",IFERROR(C20/D20-1,0)) -> - | K20: Diciembre
A21: 12 | B21: =IFERROR(INDEX(Pto[CONCEPTO],MATCH(Cálculos!A21,Pto[ID],0)),"-") -> - | C21: {=IFERROR(INDEX(Pto[[#This Row],[ENERO]:[DICIEMBRE]],,MATCH(Cálculos!$C$8,Pto[[#Headers],[ENERO]:[DICIEMBRE]],0)),"-")} -> - | D21: {=IFERROR(IF(INDEX('Registro Presupuesto-Gasto'!C33:N33,,MATCH(Cálculos!$C$8,Real[[#Headers],[ENERO]:[DICIEMBRE]],0))=0, "-", INDEX('Registro Presupuesto-Gasto'!C33:N33,,MATCH(Cálculos!$C$8,Real[[#Headers],[ENERO]:[DICIEMBRE]],0))), "-")} -> - | E21: =IF(IFERROR(C21/D21-1,0)=0,"-",IFERROR(C21/D21-1,0)) -> -
A22: 13 | B22: =IFERROR(INDEX(Pto[CONCEPTO],MATCH(Cálculos!A22,Pto[ID],0)),"-") -> - | C22: {=IFERROR(INDEX(Pto[[#This Row],[ENERO]:[DICIEMBRE]],,MATCH(Cálculos!$C$8,Pto[[#Headers],[ENERO]:[DICIEMBRE]],0)),"-")} -> - | D22: {=IFERROR(IF(INDEX('Registro Presupuesto-Gasto'!C34:N34,,MATCH(Cálculos!$C$8,Real[[#Headers],[ENERO]:[DICIEMBRE]],0))=0, "-", INDEX('Registro Presupuesto-Gasto'!C34:N34,,MATCH(Cálculos!$C$8,Real[[#Headers],[ENERO]:[DICIEMBRE]],0))), "-")} -> - | E22: =IF(IFERROR(C22/D22-1,0)=0,"-",IFERROR(C22/D22-1,0)) -> -
A23: 14 | B23: =IFERROR(INDEX(Pto[CONCEPTO],MATCH(Cálculos!A23,Pto[ID],0)),"-") -> - | C23: {=IFERROR(INDEX(Pto[[#This Row],[ENERO]:[DICIEMBRE]],,MATCH(Cálculos!$C$8,Pto[[#Headers],[ENERO]:[DICIEMBRE]],0)),"-")} -> - | D23: {=IFERROR(IF(INDEX('Registro Presupuesto-Gasto'!C35:N35,,MATCH(Cálculos!$C$8,Real[[#Headers],[ENERO]:[DICIEMBRE]],0))=0, "-", INDEX('Registro Presupuesto-Gasto'!C35:N35,,MATCH(Cálculos!$C$8,Real[[#Headers],[ENERO]:[DICIEMBRE]],0))), "-")} -> - | E23: =IF(IFERROR(C23/D23-1,0)=0,"-",IFERROR(C23/D23-1,0)) -> -
A24: 15 | B24: =IFERROR(INDEX(Pto[CONCEPTO],MATCH(Cálculos!A24,Pto[ID],0)),"-") -> - | C24: {=IFERROR(INDEX(Pto[[#This Row],[ENERO]:[DICIEMBRE]],,MATCH(Cálculos!$C$8,Pto[[#Headers],[ENERO]:[DICIEMBRE]],0)),"-")} -> - | D24: {=IFERROR(IF(INDEX('Registro Presupuesto-Gasto'!C36:N36,,MATCH(Cálculos!$C$8,Real[[#Headers],[ENERO]:[DICIEMBRE]],0))=0, "-", INDEX('Registro Presupuesto-Gasto'!C36:N36,,MATCH(Cálculos!$C$8,Real[[#Headers],[ENERO]:[DICIEMBRE]],0))), "-")} -> - | E24: =IF(IFERROR(C24/D24-1,0)=0,"-",IFERROR(C24/D24-1,0)) -> -
A25: 16 | B25: =IFERROR(INDEX(Pto[CONCEPTO],MATCH(Cálculos!A25,Pto[ID],0)),"-") -> - | C25: {=IFERROR(INDEX(Pto[[#This Row],[ENERO]:[DICIEMBRE]],,MATCH(Cálculos!$C$8,Pto[[#Headers],[ENERO]:[DICIEMBRE]],0)),"-")} -> - | D25: {=IFERROR(IF(INDEX('Registro Presupuesto-Gasto'!C37:N37,,MATCH(Cálculos!$C$8,Real[[#Headers],[ENERO]:[DICIEMBRE]],0))=0, "-", INDEX('Registro Presupuesto-Gasto'!C37:N37,,MATCH(Cálculos!$C$8,Real[[#Headers],[ENERO]:[DICIEMBRE]],0))), "-")} -> - | E25: =IF(IFERROR(C25/D25-1,0)=0,"-",IFERROR(C25/D25-1,0)) -> -
A26: 17 | B26: =IFERROR(INDEX(Pto[CONCEPTO],MATCH(Cálculos!A26,Pto[ID],0)),"-") -> - | C26: {=IFERROR(INDEX(Pto[[#This Row],[ENERO]:[DICIEMBRE]],,MATCH(Cálculos!$C$8,Pto[[#Headers],[ENERO]:[DICIEMBRE]],0)),"-")} -> - | D26: {=IFERROR(IF(INDEX('Registro Presupuesto-Gasto'!C38:N38,,MATCH(Cálculos!$C$8,Real[[#Headers],[ENERO]:[DICIEMBRE]],0))=0, "-", INDEX('Registro Presupuesto-Gasto'!C38:N38,,MATCH(Cálculos!$C$8,Real[[#Headers],[ENERO]:[DICIEMBRE]],0))), "-")} -> - | E26: =IF(IFERROR(C26/D26-1,0)=0,"-",IFERROR(C26/D26-1,0)) -> -

Sheet Dashboard de Calidad y Control
C8: Mayo
AA52: =1673/1.5 -> 1115.3333
